{"cameraMode":{"drawMode":0,"name":"Shaded","section":"Shading Mode"},"sceneLighting":false,"audioPlay":false,"sceneViewState":{"showFog":true,"showMaterialUpdate":false,"showSkybox":false,"showFlares":true,"showImageEffects":true,"showParticleSystems":true},"in2DMode":false,"pivot":{"x":-1.8719583749771119e-7,"y":0.003670500824227929,"z":2.3283064365386964e-9},"rotation":{"x":-0.09716972708702088,"y":0.8806754350662231,"z":-0.2060275673866272,"w":-0.41535714268684389},"size":0.029961587861180307,"orthographic":false}