{"cameraMode":{"drawMode":0,"name":"Shaded","section":"Shading Mode"},"sceneLighting":true,"audioPlay":false,"sceneViewState":{"showFog":true,"showMaterialUpdate":false,"showSkybox":false,"showFlares":true,"showImageEffects":true,"showParticleSystems":true},"in2DMode":false,"pivot":{"x":10.267352104187012,"y":3.22304105758667,"z":-2.9206926822662355},"rotation":{"x":0.16715873777866364,"y":-0.4612455666065216,"z":0.0889459103345871,"w":0.8668332695960999},"size":2.1132569313049318,"orthographic":false}